"0","gf <- dat_all$AMGO"
"0","gf > 1"
"1","   [1]"
"1"," FALSE"
"1"," FALSE"
"1"," FALSE"
"1"," FALSE"
"1"," FALSE"
"1"," FALSE"
"1"," FALSE"
"1"," FALSE"
"1"," FALSE"
"1"," FALSE"
"1"," FALSE"
"1"," FALSE"
"1"," FALSE"
"1"," FALSE"
"1"," FALSE"
"1"," FALSE"
"1"," FALSE"
"1"," FALSE"
"1"," FALSE"
"1"," FALSE"
"1"," FALSE"
"1"," FALSE"
"1"," FALSE"
"1"," FALSE"
"1","
"
"1","  [25]"
"1"," FALSE"
"1"," FALSE"
"1"," FALSE"
"1"," FALSE"
"1"," FALSE"
"1"," FALSE"
"1"," FALSE"
"1"," FALSE"
"1"," FALSE"
"1"," FALSE"
"1"," FALSE"
"1"," FALSE"
"1"," FALSE"
"1"," FALSE"
"1"," FALSE"
"1"," FALSE"
"1"," FALSE"
"1"," FALSE"
"1"," FALSE"
"1"," FALSE"
"1"," FALSE"
"1"," FALSE"
"1"," FALSE"
"1"," FALSE"
"1","
"
"1","  [49]"
"1"," FALSE"
"1"," FALSE"
"1"," FALSE"
"1"," FALSE"
"1"," FALSE"
"1"," FALSE"
"1"," FALSE"
"1"," FALSE"
"1"," FALSE"
"1"," FALSE"
"1"," FALSE"
"1"," FALSE"
"1"," FALSE"
"1"," FALSE"
"1"," FALSE"
"1"," FALSE"
"1"," FALSE"
"1"," FALSE"
"1"," FALSE"
"1"," FALSE"
"1"," FALSE"
"1"," FALSE"
"1"," FALSE"
"1"," FALSE"
"1","
"
"1","  [73]"
"1"," FALSE"
"1"," FALSE"
"1"," FALSE"
"1"," FALSE"
"1"," FALSE"
"1"," FALSE"
"1"," FALSE"
"1"," FALSE"
"1"," FALSE"
"1"," FALSE"
"1"," FALSE"
"1"," FALSE"
"1"," FALSE"
"1"," FALSE"
"1"," FALSE"
"1"," FALSE"
"1"," FALSE"
"1"," FALSE"
"1"," FALSE"
"1"," FALSE"
"1"," FALSE"
"1"," FALSE"
"1"," FALSE"
"1"," FALSE"
"1","
"
"1","  [97]"
"1"," FALSE"
"1"," FALSE"
"1"," FALSE"
"1"," FALSE"
"1"," FALSE"
"1"," FALSE"
"1"," FALSE"
"1"," FALSE"
"1"," FALSE"
"1"," FALSE"
"1"," FALSE"
"1"," FALSE"
"1"," FALSE"
"1"," FALSE"
"1"," FALSE"
"1"," FALSE"
"1"," FALSE"
"1"," FALSE"
"1"," FALSE"
"1"," FALSE"
"1"," FALSE"
"1"," FALSE"
"1"," FALSE"
"1"," FALSE"
"1","
"
"1"," [121]"
"1"," FALSE"
"1"," FALSE"
"1"," FALSE"
"1"," FALSE"
"1"," FALSE"
"1"," FALSE"
"1"," FALSE"
"1"," FALSE"
"1"," FALSE"
"1"," FALSE"
"1"," FALSE"
"1"," FALSE"
"1"," FALSE"
"1"," FALSE"
"1"," FALSE"
"1"," FALSE"
"1"," FALSE"
"1"," FALSE"
"1","  TRUE"
"1"," FALSE"
"1"," FALSE"
"1"," FALSE"
"1"," FALSE"
"1"," FALSE"
"1","
"
"1"," [145]"
"1"," FALSE"
"1"," FALSE"
"1"," FALSE"
"1"," FALSE"
"1"," FALSE"
"1"," FALSE"
"1"," FALSE"
"1"," FALSE"
"1"," FALSE"
"1"," FALSE"
"1"," FALSE"
"1"," FALSE"
"1"," FALSE"
"1"," FALSE"
"1"," FALSE"
"1"," FALSE"
"1"," FALSE"
"1"," FALSE"
"1"," FALSE"
"1"," FALSE"
"1"," FALSE"
"1"," FALSE"
"1"," FALSE"
"1"," FALSE"
"1","
"
"1"," [169]"
"1"," FALSE"
"1"," FALSE"
"1"," FALSE"
"1"," FALSE"
"1"," FALSE"
"1"," FALSE"
"1"," FALSE"
"1"," FALSE"
"1"," FALSE"
"1"," FALSE"
"1"," FALSE"
"1"," FALSE"
"1"," FALSE"
"1"," FALSE"
"1"," FALSE"
"1"," FALSE"
"1"," FALSE"
"1"," FALSE"
"1"," FALSE"
"1"," FALSE"
"1"," FALSE"
"1"," FALSE"
"1"," FALSE"
"1","  TRUE"
"1","
"
"1"," [193]"
"1","  TRUE"
"1"," FALSE"
"1"," FALSE"
"1"," FALSE"
"1"," FALSE"
"1"," FALSE"
"1"," FALSE"
"1"," FALSE"
"1"," FALSE"
"1"," FALSE"
"1","  TRUE"
"1"," FALSE"
"1"," FALSE"
"1"," FALSE"
"1"," FALSE"
"1"," FALSE"
"1"," FALSE"
"1"," FALSE"
"1"," FALSE"
"1"," FALSE"
"1"," FALSE"
"1"," FALSE"
"1"," FALSE"
"1"," FALSE"
"1","
"
"1"," [217]"
"1"," FALSE"
"1"," FALSE"
"1"," FALSE"
"1"," FALSE"
"1"," FALSE"
"1"," FALSE"
"1"," FALSE"
"1"," FALSE"
"1"," FALSE"
"1"," FALSE"
"1"," FALSE"
"1"," FALSE"
"1"," FALSE"
"1"," FALSE"
"1"," FALSE"
"1"," FALSE"
"1"," FALSE"
"1"," FALSE"
"1"," FALSE"
"1"," FALSE"
"1"," FALSE"
"1"," FALSE"
"1"," FALSE"
"1"," FALSE"
"1","
"
"1"," [241]"
"1"," FALSE"
"1"," FALSE"
"1"," FALSE"
"1"," FALSE"
"1"," FALSE"
"1"," FALSE"
"1"," FALSE"
"1"," FALSE"
"1"," FALSE"
"1"," FALSE"
"1"," FALSE"
"1"," FALSE"
"1"," FALSE"
"1"," FALSE"
"1"," FALSE"
"1"," FALSE"
"1"," FALSE"
"1"," FALSE"
"1"," FALSE"
"1"," FALSE"
"1"," FALSE"
"1"," FALSE"
"1"," FALSE"
"1"," FALSE"
"1","
"
"1"," [265]"
"1"," FALSE"
"1"," FALSE"
"1"," FALSE"
"1"," FALSE"
"1"," FALSE"
"1"," FALSE"
"1"," FALSE"
"1"," FALSE"
"1"," FALSE"
"1"," FALSE"
"1"," FALSE"
"1"," FALSE"
"1"," FALSE"
"1"," FALSE"
"1"," FALSE"
"1"," FALSE"
"1"," FALSE"
"1"," FALSE"
"1"," FALSE"
"1"," FALSE"
"1"," FALSE"
"1"," FALSE"
"1"," FALSE"
"1"," FALSE"
"1","
"
"1"," [289]"
"1"," FALSE"
"1"," FALSE"
"1"," FALSE"
"1"," FALSE"
"1"," FALSE"
"1"," FALSE"
"1"," FALSE"
"1"," FALSE"
"1"," FALSE"
"1"," FALSE"
"1"," FALSE"
"1"," FALSE"
"1"," FALSE"
"1"," FALSE"
"1"," FALSE"
"1"," FALSE"
"1"," FALSE"
"1"," FALSE"
"1"," FALSE"
"1"," FALSE"
"1"," FALSE"
"1"," FALSE"
"1"," FALSE"
"1"," FALSE"
"1","
"
"1"," [313]"
"1"," FALSE"
"1"," FALSE"
"1"," FALSE"
"1"," FALSE"
"1"," FALSE"
"1"," FALSE"
"1"," FALSE"
"1"," FALSE"
"1"," FALSE"
"1"," FALSE"
"1"," FALSE"
"1"," FALSE"
"1"," FALSE"
"1"," FALSE"
"1"," FALSE"
"1"," FALSE"
"1"," FALSE"
"1"," FALSE"
"1"," FALSE"
"1"," FALSE"
"1"," FALSE"
"1"," FALSE"
"1"," FALSE"
"1"," FALSE"
"1","
"
"1"," [337]"
"1"," FALSE"
"1"," FALSE"
"1"," FALSE"
"1"," FALSE"
"1"," FALSE"
"1"," FALSE"
"1"," FALSE"
"1"," FALSE"
"1"," FALSE"
"1"," FALSE"
"1"," FALSE"
"1"," FALSE"
"1"," FALSE"
"1"," FALSE"
"1"," FALSE"
"1"," FALSE"
"1"," FALSE"
"1"," FALSE"
"1"," FALSE"
"1"," FALSE"
"1"," FALSE"
"1"," FALSE"
"1"," FALSE"
"1"," FALSE"
"1","
"
"1"," [361]"
"1"," FALSE"
"1"," FALSE"
"1"," FALSE"
"1"," FALSE"
"1"," FALSE"
"1"," FALSE"
"1"," FALSE"
"1"," FALSE"
"1"," FALSE"
"1"," FALSE"
"1"," FALSE"
"1"," FALSE"
"1"," FALSE"
"1"," FALSE"
"1"," FALSE"
"1"," FALSE"
"1"," FALSE"
"1"," FALSE"
"1"," FALSE"
"1"," FALSE"
"1"," FALSE"
"1"," FALSE"
"1"," FALSE"
"1"," FALSE"
"1","
"
"1"," [385]"
"1"," FALSE"
"1"," FALSE"
"1"," FALSE"
"1"," FALSE"
"1"," FALSE"
"1"," FALSE"
"1"," FALSE"
"1"," FALSE"
"1","  TRUE"
"1"," FALSE"
"1"," FALSE"
"1"," FALSE"
"1"," FALSE"
"1"," FALSE"
"1"," FALSE"
"1"," FALSE"
"1"," FALSE"
"1"," FALSE"
"1"," FALSE"
"1"," FALSE"
"1"," FALSE"
"1"," FALSE"
"1"," FALSE"
"1"," FALSE"
"1","
"
"1"," [409]"
"1"," FALSE"
"1"," FALSE"
"1"," FALSE"
"1"," FALSE"
"1","  TRUE"
"1"," FALSE"
"1"," FALSE"
"1"," FALSE"
"1"," FALSE"
"1"," FALSE"
"1"," FALSE"
"1"," FALSE"
"1"," FALSE"
"1"," FALSE"
"1"," FALSE"
"1"," FALSE"
"1"," FALSE"
"1"," FALSE"
"1"," FALSE"
"1"," FALSE"
"1"," FALSE"
"1"," FALSE"
"1"," FALSE"
"1"," FALSE"
"1","
"
"1"," [433]"
"1"," FALSE"
"1"," FALSE"
"1"," FALSE"
"1"," FALSE"
"1"," FALSE"
"1"," FALSE"
"1"," FALSE"
"1"," FALSE"
"1"," FALSE"
"1"," FALSE"
"1"," FALSE"
"1"," FALSE"
"1"," FALSE"
"1","  TRUE"
"1"," FALSE"
"1"," FALSE"
"1"," FALSE"
"1"," FALSE"
"1"," FALSE"
"1"," FALSE"
"1"," FALSE"
"1"," FALSE"
"1","  TRUE"
"1"," FALSE"
"1","
"
"1"," [457]"
"1"," FALSE"
"1"," FALSE"
"1"," FALSE"
"1"," FALSE"
"1"," FALSE"
"1"," FALSE"
"1"," FALSE"
"1"," FALSE"
"1"," FALSE"
"1"," FALSE"
"1"," FALSE"
"1","  TRUE"
"1"," FALSE"
"1"," FALSE"
"1"," FALSE"
"1"," FALSE"
"1"," FALSE"
"1","  TRUE"
"1"," FALSE"
"1"," FALSE"
"1"," FALSE"
"1"," FALSE"
"1"," FALSE"
"1"," FALSE"
"1","
"
"1"," [481]"
"1"," FALSE"
"1"," FALSE"
"1"," FALSE"
"1"," FALSE"
"1"," FALSE"
"1"," FALSE"
"1"," FALSE"
"1"," FALSE"
"1"," FALSE"
"1"," FALSE"
"1"," FALSE"
"1"," FALSE"
"1"," FALSE"
"1"," FALSE"
"1"," FALSE"
"1"," FALSE"
"1"," FALSE"
"1"," FALSE"
"1"," FALSE"
"1"," FALSE"
"1"," FALSE"
"1"," FALSE"
"1"," FALSE"
"1"," FALSE"
"1","
"
"1"," [505]"
"1"," FALSE"
"1"," FALSE"
"1"," FALSE"
"1"," FALSE"
"1"," FALSE"
"1"," FALSE"
"1"," FALSE"
"1"," FALSE"
"1"," FALSE"
"1"," FALSE"
"1"," FALSE"
"1"," FALSE"
"1"," FALSE"
"1"," FALSE"
"1"," FALSE"
"1"," FALSE"
"1"," FALSE"
"1"," FALSE"
"1"," FALSE"
"1"," FALSE"
"1"," FALSE"
"1"," FALSE"
"1"," FALSE"
"1"," FALSE"
"1","
"
"1"," [529]"
"1"," FALSE"
"1"," FALSE"
"1"," FALSE"
"1"," FALSE"
"1"," FALSE"
"1"," FALSE"
"1"," FALSE"
"1"," FALSE"
"1"," FALSE"
"1"," FALSE"
"1"," FALSE"
"1"," FALSE"
"1"," FALSE"
"1"," FALSE"
"1","  TRUE"
"1","  TRUE"
"1","  TRUE"
"1"," FALSE"
"1"," FALSE"
"1"," FALSE"
"1"," FALSE"
"1"," FALSE"
"1"," FALSE"
"1"," FALSE"
"1","
"
"1"," [553]"
"1"," FALSE"
"1"," FALSE"
"1"," FALSE"
"1"," FALSE"
"1"," FALSE"
"1"," FALSE"
"1"," FALSE"
"1"," FALSE"
"1"," FALSE"
"1"," FALSE"
"1"," FALSE"
"1"," FALSE"
"1"," FALSE"
"1"," FALSE"
"1"," FALSE"
"1"," FALSE"
"1"," FALSE"
"1"," FALSE"
"1"," FALSE"
"1"," FALSE"
"1"," FALSE"
"1"," FALSE"
"1"," FALSE"
"1"," FALSE"
"1","
"
"1"," [577]"
"1"," FALSE"
"1"," FALSE"
"1"," FALSE"
"1"," FALSE"
"1"," FALSE"
"1"," FALSE"
"1"," FALSE"
"1"," FALSE"
"1"," FALSE"
"1"," FALSE"
"1"," FALSE"
"1"," FALSE"
"1"," FALSE"
"1"," FALSE"
"1"," FALSE"
"1"," FALSE"
"1"," FALSE"
"1"," FALSE"
"1"," FALSE"
"1"," FALSE"
"1"," FALSE"
"1"," FALSE"
"1"," FALSE"
"1"," FALSE"
"1","
"
"1"," [601]"
"1"," FALSE"
"1"," FALSE"
"1"," FALSE"
"1"," FALSE"
"1"," FALSE"
"1"," FALSE"
"1"," FALSE"
"1"," FALSE"
"1"," FALSE"
"1"," FALSE"
"1"," FALSE"
"1"," FALSE"
"1"," FALSE"
"1"," FALSE"
"1"," FALSE"
"1"," FALSE"
"1"," FALSE"
"1"," FALSE"
"1"," FALSE"
"1"," FALSE"
"1"," FALSE"
"1"," FALSE"
"1"," FALSE"
"1"," FALSE"
"1","
"
"1"," [625]"
"1"," FALSE"
"1"," FALSE"
"1"," FALSE"
"1"," FALSE"
"1"," FALSE"
"1"," FALSE"
"1"," FALSE"
"1"," FALSE"
"1"," FALSE"
"1"," FALSE"
"1"," FALSE"
"1"," FALSE"
"1"," FALSE"
"1"," FALSE"
"1"," FALSE"
"1"," FALSE"
"1"," FALSE"
"1"," FALSE"
"1"," FALSE"
"1"," FALSE"
"1"," FALSE"
"1"," FALSE"
"1"," FALSE"
"1"," FALSE"
"1","
"
"1"," [649]"
"1"," FALSE"
"1"," FALSE"
"1"," FALSE"
"1"," FALSE"
"1"," FALSE"
"1"," FALSE"
"1"," FALSE"
"1"," FALSE"
"1"," FALSE"
"1"," FALSE"
"1"," FALSE"
"1"," FALSE"
"1"," FALSE"
"1"," FALSE"
"1"," FALSE"
"1","  TRUE"
"1","  TRUE"
"1","  TRUE"
"1"," FALSE"
"1"," FALSE"
"1"," FALSE"
"1"," FALSE"
"1"," FALSE"
"1"," FALSE"
"1","
"
"1"," [673]"
"1"," FALSE"
"1"," FALSE"
"1","  TRUE"
"1","  TRUE"
"1"," FALSE"
"1"," FALSE"
"1"," FALSE"
"1"," FALSE"
"1"," FALSE"
"1"," FALSE"
"1"," FALSE"
"1"," FALSE"
"1"," FALSE"
"1"," FALSE"
"1"," FALSE"
"1","  TRUE"
"1"," FALSE"
"1"," FALSE"
"1"," FALSE"
"1"," FALSE"
"1"," FALSE"
"1"," FALSE"
"1"," FALSE"
"1"," FALSE"
"1","
"
"1"," [697]"
"1"," FALSE"
"1"," FALSE"
"1"," FALSE"
"1"," FALSE"
"1"," FALSE"
"1"," FALSE"
"1"," FALSE"
"1"," FALSE"
"1"," FALSE"
"1"," FALSE"
"1"," FALSE"
"1"," FALSE"
"1"," FALSE"
"1"," FALSE"
"1"," FALSE"
"1"," FALSE"
"1"," FALSE"
"1"," FALSE"
"1"," FALSE"
"1"," FALSE"
"1"," FALSE"
"1"," FALSE"
"1"," FALSE"
"1"," FALSE"
"1","
"
"1"," [721]"
"1"," FALSE"
"1"," FALSE"
"1"," FALSE"
"1"," FALSE"
"1"," FALSE"
"1"," FALSE"
"1"," FALSE"
"1"," FALSE"
"1"," FALSE"
"1"," FALSE"
"1"," FALSE"
"1"," FALSE"
"1"," FALSE"
"1"," FALSE"
"1"," FALSE"
"1"," FALSE"
"1"," FALSE"
"1"," FALSE"
"1"," FALSE"
"1"," FALSE"
"1","  TRUE"
"1"," FALSE"
"1"," FALSE"
"1"," FALSE"
"1","
"
"1"," [745]"
"1"," FALSE"
"1"," FALSE"
"1"," FALSE"
"1"," FALSE"
"1"," FALSE"
"1"," FALSE"
"1"," FALSE"
"1"," FALSE"
"1"," FALSE"
"1"," FALSE"
"1"," FALSE"
"1"," FALSE"
"1"," FALSE"
"1"," FALSE"
"1"," FALSE"
"1"," FALSE"
"1"," FALSE"
"1"," FALSE"
"1"," FALSE"
"1"," FALSE"
"1"," FALSE"
"1"," FALSE"
"1"," FALSE"
"1"," FALSE"
"1","
"
"1"," [769]"
"1"," FALSE"
"1"," FALSE"
"1"," FALSE"
"1"," FALSE"
"1"," FALSE"
"1"," FALSE"
"1"," FALSE"
"1"," FALSE"
"1"," FALSE"
"1"," FALSE"
"1"," FALSE"
"1"," FALSE"
"1"," FALSE"
"1"," FALSE"
"1"," FALSE"
"1"," FALSE"
"1"," FALSE"
"1"," FALSE"
"1"," FALSE"
"1"," FALSE"
"1"," FALSE"
"1"," FALSE"
"1"," FALSE"
"1"," FALSE"
"1","
"
"1"," [793]"
"1"," FALSE"
"1"," FALSE"
"1"," FALSE"
"1"," FALSE"
"1"," FALSE"
"1"," FALSE"
"1"," FALSE"
"1"," FALSE"
"1"," FALSE"
"1"," FALSE"
"1"," FALSE"
"1"," FALSE"
"1"," FALSE"
"1"," FALSE"
"1"," FALSE"
"1"," FALSE"
"1"," FALSE"
"1"," FALSE"
"1"," FALSE"
"1"," FALSE"
"1"," FALSE"
"1"," FALSE"
"1"," FALSE"
"1"," FALSE"
"1","
"
"1"," [817]"
"1"," FALSE"
"1"," FALSE"
"1"," FALSE"
"1","  TRUE"
"1"," FALSE"
"1","  TRUE"
"1"," FALSE"
"1"," FALSE"
"1"," FALSE"
"1"," FALSE"
"1"," FALSE"
"1","  TRUE"
"1"," FALSE"
"1"," FALSE"
"1"," FALSE"
"1","  TRUE"
"1"," FALSE"
"1"," FALSE"
"1"," FALSE"
"1"," FALSE"
"1"," FALSE"
"1"," FALSE"
"1"," FALSE"
"1"," FALSE"
"1","
"
"1"," [841]"
"1"," FALSE"
"1"," FALSE"
"1"," FALSE"
"1"," FALSE"
"1"," FALSE"
"1"," FALSE"
"1"," FALSE"
"1"," FALSE"
"1"," FALSE"
"1"," FALSE"
"1"," FALSE"
"1"," FALSE"
"1"," FALSE"
"1"," FALSE"
"1"," FALSE"
"1"," FALSE"
"1"," FALSE"
"1"," FALSE"
"1"," FALSE"
"1"," FALSE"
"1"," FALSE"
"1"," FALSE"
"1"," FALSE"
"1"," FALSE"
"1","
"
"1"," [865]"
"1"," FALSE"
"1"," FALSE"
"1"," FALSE"
"1"," FALSE"
"1"," FALSE"
"1"," FALSE"
"1"," FALSE"
"1"," FALSE"
"1"," FALSE"
"1"," FALSE"
"1"," FALSE"
"1"," FALSE"
"1"," FALSE"
"1"," FALSE"
"1"," FALSE"
"1"," FALSE"
"1"," FALSE"
"1"," FALSE"
"1"," FALSE"
"1"," FALSE"
"1"," FALSE"
"1"," FALSE"
"1"," FALSE"
"1"," FALSE"
"1","
"
"1"," [889]"
"1"," FALSE"
"1"," FALSE"
"1"," FALSE"
"1"," FALSE"
"1"," FALSE"
"1"," FALSE"
"1"," FALSE"
"1"," FALSE"
"1"," FALSE"
"1"," FALSE"
"1"," FALSE"
"1"," FALSE"
"1"," FALSE"
"1"," FALSE"
"1"," FALSE"
"1"," FALSE"
"1"," FALSE"
"1","  TRUE"
"1"," FALSE"
"1"," FALSE"
"1"," FALSE"
"1"," FALSE"
"1"," FALSE"
"1"," FALSE"
"1","
"
"1"," [913]"
"1"," FALSE"
"1"," FALSE"
"1"," FALSE"
"1"," FALSE"
"1"," FALSE"
"1"," FALSE"
"1"," FALSE"
"1"," FALSE"
"1"," FALSE"
"1"," FALSE"
"1"," FALSE"
"1"," FALSE"
"1","  TRUE"
"1","  TRUE"
"1"," FALSE"
"1"," FALSE"
"1"," FALSE"
"1"," FALSE"
"1"," FALSE"
"1"," FALSE"
"1"," FALSE"
"1"," FALSE"
"1"," FALSE"
"1"," FALSE"
"1","
"
"1"," [937]"
"1"," FALSE"
"1"," FALSE"
"1"," FALSE"
"1"," FALSE"
"1"," FALSE"
"1"," FALSE"
"1"," FALSE"
"1"," FALSE"
"1"," FALSE"
"1"," FALSE"
"1"," FALSE"
"1","  TRUE"
"1","  TRUE"
"1"," FALSE"
"1","  TRUE"
"1"," FALSE"
"1"," FALSE"
"1"," FALSE"
"1","  TRUE"
"1","  TRUE"
"1"," FALSE"
"1","  TRUE"
"1"," FALSE"
"1"," FALSE"
"1","
"
"1"," [961]"
"1"," FALSE"
"1"," FALSE"
"1"," FALSE"
"1"," FALSE"
"1"," FALSE"
"1"," FALSE"
"1"," FALSE"
"1"," FALSE"
"1"," FALSE"
"1"," FALSE"
"1"," FALSE"
"1"," FALSE"
"1"," FALSE"
"1"," FALSE"
"1"," FALSE"
"1"," FALSE"
"1"," FALSE"
"1"," FALSE"
"1"," FALSE"
"1"," FALSE"
"1"," FALSE"
"1"," FALSE"
"1"," FALSE"
"1"," FALSE"
"1","
"
"1"," [985]"
"1"," FALSE"
"1"," FALSE"
"1"," FALSE"
"1"," FALSE"
"1"," FALSE"
"1"," FALSE"
"1"," FALSE"
"1"," FALSE"
"1"," FALSE"
"1"," FALSE"
"1"," FALSE"
"1"," FALSE"
"1"," FALSE"
"1"," FALSE"
"1"," FALSE"
"1"," FALSE"
"1","
"
"1"," [ reached getOption(""max.print"") -- omitted 46 entries ]
"
"0","as.numeric(gf > 1)"
"1","   [1]"
"1"," 0"
"1"," 0"
"1"," 0"
"1"," 0"
"1"," 0"
"1"," 0"
"1"," 0"
"1"," 0"
"1"," 0"
"1"," 0"
"1"," 0"
"1"," 0"
"1"," 0"
"1"," 0"
"1"," 0"
"1"," 0"
"1"," 0"
"1"," 0"
"1"," 0"
"1"," 0"
"1"," 0"
"1"," 0"
"1"," 0"
"1"," 0"
"1"," 0"
"1"," 0"
"1"," 0"
"1"," 0"
"1"," 0"
"1"," 0"
"1"," 0"
"1"," 0"
"1"," 0"
"1"," 0"
"1"," 0"
"1"," 0"
"1"," 0"
"1"," 0"
"1"," 0"
"1"," 0"
"1"," 0"
"1"," 0"
"1"," 0"
"1"," 0"
"1"," 0"
"1"," 0"
"1"," 0"
"1"," 0"
"1"," 0"
"1"," 0"
"1"," 0"
"1"," 0"
"1"," 0"
"1"," 0"
"1"," 0"
"1"," 0"
"1"," 0"
"1"," 0"
"1"," 0"
"1"," 0"
"1"," 0"
"1"," 0"
"1"," 0"
"1"," 0"
"1"," 0"
"1"," 0"
"1"," 0"
"1"," 0"
"1"," 0"
"1"," 0"
"1"," 0"
"1"," 0"
"1","
"
"1","  [73]"
"1"," 0"
"1"," 0"
"1"," 0"
"1"," 0"
"1"," 0"
"1"," 0"
"1"," 0"
"1"," 0"
"1"," 0"
"1"," 0"
"1"," 0"
"1"," 0"
"1"," 0"
"1"," 0"
"1"," 0"
"1"," 0"
"1"," 0"
"1"," 0"
"1"," 0"
"1"," 0"
"1"," 0"
"1"," 0"
"1"," 0"
"1"," 0"
"1"," 0"
"1"," 0"
"1"," 0"
"1"," 0"
"1"," 0"
"1"," 0"
"1"," 0"
"1"," 0"
"1"," 0"
"1"," 0"
"1"," 0"
"1"," 0"
"1"," 0"
"1"," 0"
"1"," 0"
"1"," 0"
"1"," 0"
"1"," 0"
"1"," 0"
"1"," 0"
"1"," 0"
"1"," 0"
"1"," 0"
"1"," 0"
"1"," 0"
"1"," 0"
"1"," 0"
"1"," 0"
"1"," 0"
"1"," 0"
"1"," 0"
"1"," 0"
"1"," 0"
"1"," 0"
"1"," 0"
"1"," 0"
"1"," 0"
"1"," 0"
"1"," 0"
"1"," 0"
"1"," 0"
"1"," 0"
"1"," 1"
"1"," 0"
"1"," 0"
"1"," 0"
"1"," 0"
"1"," 0"
"1","
"
"1"," [145]"
"1"," 0"
"1"," 0"
"1"," 0"
"1"," 0"
"1"," 0"
"1"," 0"
"1"," 0"
"1"," 0"
"1"," 0"
"1"," 0"
"1"," 0"
"1"," 0"
"1"," 0"
"1"," 0"
"1"," 0"
"1"," 0"
"1"," 0"
"1"," 0"
"1"," 0"
"1"," 0"
"1"," 0"
"1"," 0"
"1"," 0"
"1"," 0"
"1"," 0"
"1"," 0"
"1"," 0"
"1"," 0"
"1"," 0"
"1"," 0"
"1"," 0"
"1"," 0"
"1"," 0"
"1"," 0"
"1"," 0"
"1"," 0"
"1"," 0"
"1"," 0"
"1"," 0"
"1"," 0"
"1"," 0"
"1"," 0"
"1"," 0"
"1"," 0"
"1"," 0"
"1"," 0"
"1"," 0"
"1"," 1"
"1"," 1"
"1"," 0"
"1"," 0"
"1"," 0"
"1"," 0"
"1"," 0"
"1"," 0"
"1"," 0"
"1"," 0"
"1"," 0"
"1"," 1"
"1"," 0"
"1"," 0"
"1"," 0"
"1"," 0"
"1"," 0"
"1"," 0"
"1"," 0"
"1"," 0"
"1"," 0"
"1"," 0"
"1"," 0"
"1"," 0"
"1"," 0"
"1","
"
"1"," [217]"
"1"," 0"
"1"," 0"
"1"," 0"
"1"," 0"
"1"," 0"
"1"," 0"
"1"," 0"
"1"," 0"
"1"," 0"
"1"," 0"
"1"," 0"
"1"," 0"
"1"," 0"
"1"," 0"
"1"," 0"
"1"," 0"
"1"," 0"
"1"," 0"
"1"," 0"
"1"," 0"
"1"," 0"
"1"," 0"
"1"," 0"
"1"," 0"
"1"," 0"
"1"," 0"
"1"," 0"
"1"," 0"
"1"," 0"
"1"," 0"
"1"," 0"
"1"," 0"
"1"," 0"
"1"," 0"
"1"," 0"
"1"," 0"
"1"," 0"
"1"," 0"
"1"," 0"
"1"," 0"
"1"," 0"
"1"," 0"
"1"," 0"
"1"," 0"
"1"," 0"
"1"," 0"
"1"," 0"
"1"," 0"
"1"," 0"
"1"," 0"
"1"," 0"
"1"," 0"
"1"," 0"
"1"," 0"
"1"," 0"
"1"," 0"
"1"," 0"
"1"," 0"
"1"," 0"
"1"," 0"
"1"," 0"
"1"," 0"
"1"," 0"
"1"," 0"
"1"," 0"
"1"," 0"
"1"," 0"
"1"," 0"
"1"," 0"
"1"," 0"
"1"," 0"
"1"," 0"
"1","
"
"1"," [289]"
"1"," 0"
"1"," 0"
"1"," 0"
"1"," 0"
"1"," 0"
"1"," 0"
"1"," 0"
"1"," 0"
"1"," 0"
"1"," 0"
"1"," 0"
"1"," 0"
"1"," 0"
"1"," 0"
"1"," 0"
"1"," 0"
"1"," 0"
"1"," 0"
"1"," 0"
"1"," 0"
"1"," 0"
"1"," 0"
"1"," 0"
"1"," 0"
"1"," 0"
"1"," 0"
"1"," 0"
"1"," 0"
"1"," 0"
"1"," 0"
"1"," 0"
"1"," 0"
"1"," 0"
"1"," 0"
"1"," 0"
"1"," 0"
"1"," 0"
"1"," 0"
"1"," 0"
"1"," 0"
"1"," 0"
"1"," 0"
"1"," 0"
"1"," 0"
"1"," 0"
"1"," 0"
"1"," 0"
"1"," 0"
"1"," 0"
"1"," 0"
"1"," 0"
"1"," 0"
"1"," 0"
"1"," 0"
"1"," 0"
"1"," 0"
"1"," 0"
"1"," 0"
"1"," 0"
"1"," 0"
"1"," 0"
"1"," 0"
"1"," 0"
"1"," 0"
"1"," 0"
"1"," 0"
"1"," 0"
"1"," 0"
"1"," 0"
"1"," 0"
"1"," 0"
"1"," 0"
"1","
"
"1"," [361]"
"1"," 0"
"1"," 0"
"1"," 0"
"1"," 0"
"1"," 0"
"1"," 0"
"1"," 0"
"1"," 0"
"1"," 0"
"1"," 0"
"1"," 0"
"1"," 0"
"1"," 0"
"1"," 0"
"1"," 0"
"1"," 0"
"1"," 0"
"1"," 0"
"1"," 0"
"1"," 0"
"1"," 0"
"1"," 0"
"1"," 0"
"1"," 0"
"1"," 0"
"1"," 0"
"1"," 0"
"1"," 0"
"1"," 0"
"1"," 0"
"1"," 0"
"1"," 0"
"1"," 1"
"1"," 0"
"1"," 0"
"1"," 0"
"1"," 0"
"1"," 0"
"1"," 0"
"1"," 0"
"1"," 0"
"1"," 0"
"1"," 0"
"1"," 0"
"1"," 0"
"1"," 0"
"1"," 0"
"1"," 0"
"1"," 0"
"1"," 0"
"1"," 0"
"1"," 0"
"1"," 1"
"1"," 0"
"1"," 0"
"1"," 0"
"1"," 0"
"1"," 0"
"1"," 0"
"1"," 0"
"1"," 0"
"1"," 0"
"1"," 0"
"1"," 0"
"1"," 0"
"1"," 0"
"1"," 0"
"1"," 0"
"1"," 0"
"1"," 0"
"1"," 0"
"1"," 0"
"1","
"
"1"," [433]"
"1"," 0"
"1"," 0"
"1"," 0"
"1"," 0"
"1"," 0"
"1"," 0"
"1"," 0"
"1"," 0"
"1"," 0"
"1"," 0"
"1"," 0"
"1"," 0"
"1"," 0"
"1"," 1"
"1"," 0"
"1"," 0"
"1"," 0"
"1"," 0"
"1"," 0"
"1"," 0"
"1"," 0"
"1"," 0"
"1"," 1"
"1"," 0"
"1"," 0"
"1"," 0"
"1"," 0"
"1"," 0"
"1"," 0"
"1"," 0"
"1"," 0"
"1"," 0"
"1"," 0"
"1"," 0"
"1"," 0"
"1"," 1"
"1"," 0"
"1"," 0"
"1"," 0"
"1"," 0"
"1"," 0"
"1"," 1"
"1"," 0"
"1"," 0"
"1"," 0"
"1"," 0"
"1"," 0"
"1"," 0"
"1"," 0"
"1"," 0"
"1"," 0"
"1"," 0"
"1"," 0"
"1"," 0"
"1"," 0"
"1"," 0"
"1"," 0"
"1"," 0"
"1"," 0"
"1"," 0"
"1"," 0"
"1"," 0"
"1"," 0"
"1"," 0"
"1"," 0"
"1"," 0"
"1"," 0"
"1"," 0"
"1"," 0"
"1"," 0"
"1"," 0"
"1"," 0"
"1","
"
"1"," [505]"
"1"," 0"
"1"," 0"
"1"," 0"
"1"," 0"
"1"," 0"
"1"," 0"
"1"," 0"
"1"," 0"
"1"," 0"
"1"," 0"
"1"," 0"
"1"," 0"
"1"," 0"
"1"," 0"
"1"," 0"
"1"," 0"
"1"," 0"
"1"," 0"
"1"," 0"
"1"," 0"
"1"," 0"
"1"," 0"
"1"," 0"
"1"," 0"
"1"," 0"
"1"," 0"
"1"," 0"
"1"," 0"
"1"," 0"
"1"," 0"
"1"," 0"
"1"," 0"
"1"," 0"
"1"," 0"
"1"," 0"
"1"," 0"
"1"," 0"
"1"," 0"
"1"," 1"
"1"," 1"
"1"," 1"
"1"," 0"
"1"," 0"
"1"," 0"
"1"," 0"
"1"," 0"
"1"," 0"
"1"," 0"
"1"," 0"
"1"," 0"
"1"," 0"
"1"," 0"
"1"," 0"
"1"," 0"
"1"," 0"
"1"," 0"
"1"," 0"
"1"," 0"
"1"," 0"
"1"," 0"
"1"," 0"
"1"," 0"
"1"," 0"
"1"," 0"
"1"," 0"
"1"," 0"
"1"," 0"
"1"," 0"
"1"," 0"
"1"," 0"
"1"," 0"
"1"," 0"
"1","
"
"1"," [577]"
"1"," 0"
"1"," 0"
"1"," 0"
"1"," 0"
"1"," 0"
"1"," 0"
"1"," 0"
"1"," 0"
"1"," 0"
"1"," 0"
"1"," 0"
"1"," 0"
"1"," 0"
"1"," 0"
"1"," 0"
"1"," 0"
"1"," 0"
"1"," 0"
"1"," 0"
"1"," 0"
"1"," 0"
"1"," 0"
"1"," 0"
"1"," 0"
"1"," 0"
"1"," 0"
"1"," 0"
"1"," 0"
"1"," 0"
"1"," 0"
"1"," 0"
"1"," 0"
"1"," 0"
"1"," 0"
"1"," 0"
"1"," 0"
"1"," 0"
"1"," 0"
"1"," 0"
"1"," 0"
"1"," 0"
"1"," 0"
"1"," 0"
"1"," 0"
"1"," 0"
"1"," 0"
"1"," 0"
"1"," 0"
"1"," 0"
"1"," 0"
"1"," 0"
"1"," 0"
"1"," 0"
"1"," 0"
"1"," 0"
"1"," 0"
"1"," 0"
"1"," 0"
"1"," 0"
"1"," 0"
"1"," 0"
"1"," 0"
"1"," 0"
"1"," 0"
"1"," 0"
"1"," 0"
"1"," 0"
"1"," 0"
"1"," 0"
"1"," 0"
"1"," 0"
"1"," 0"
"1","
"
"1"," [649]"
"1"," 0"
"1"," 0"
"1"," 0"
"1"," 0"
"1"," 0"
"1"," 0"
"1"," 0"
"1"," 0"
"1"," 0"
"1"," 0"
"1"," 0"
"1"," 0"
"1"," 0"
"1"," 0"
"1"," 0"
"1"," 1"
"1"," 1"
"1"," 1"
"1"," 0"
"1"," 0"
"1"," 0"
"1"," 0"
"1"," 0"
"1"," 0"
"1"," 0"
"1"," 0"
"1"," 1"
"1"," 1"
"1"," 0"
"1"," 0"
"1"," 0"
"1"," 0"
"1"," 0"
"1"," 0"
"1"," 0"
"1"," 0"
"1"," 0"
"1"," 0"
"1"," 0"
"1"," 1"
"1"," 0"
"1"," 0"
"1"," 0"
"1"," 0"
"1"," 0"
"1"," 0"
"1"," 0"
"1"," 0"
"1"," 0"
"1"," 0"
"1"," 0"
"1"," 0"
"1"," 0"
"1"," 0"
"1"," 0"
"1"," 0"
"1"," 0"
"1"," 0"
"1"," 0"
"1"," 0"
"1"," 0"
"1"," 0"
"1"," 0"
"1"," 0"
"1"," 0"
"1"," 0"
"1"," 0"
"1"," 0"
"1"," 0"
"1"," 0"
"1"," 0"
"1"," 0"
"1","
"
"1"," [721]"
"1"," 0"
"1"," 0"
"1"," 0"
"1"," 0"
"1"," 0"
"1"," 0"
"1"," 0"
"1"," 0"
"1"," 0"
"1"," 0"
"1"," 0"
"1"," 0"
"1"," 0"
"1"," 0"
"1"," 0"
"1"," 0"
"1"," 0"
"1"," 0"
"1"," 0"
"1"," 0"
"1"," 1"
"1"," 0"
"1"," 0"
"1"," 0"
"1"," 0"
"1"," 0"
"1"," 0"
"1"," 0"
"1"," 0"
"1"," 0"
"1"," 0"
"1"," 0"
"1"," 0"
"1"," 0"
"1"," 0"
"1"," 0"
"1"," 0"
"1"," 0"
"1"," 0"
"1"," 0"
"1"," 0"
"1"," 0"
"1"," 0"
"1"," 0"
"1"," 0"
"1"," 0"
"1"," 0"
"1"," 0"
"1"," 0"
"1"," 0"
"1"," 0"
"1"," 0"
"1"," 0"
"1"," 0"
"1"," 0"
"1"," 0"
"1"," 0"
"1"," 0"
"1"," 0"
"1"," 0"
"1"," 0"
"1"," 0"
"1"," 0"
"1"," 0"
"1"," 0"
"1"," 0"
"1"," 0"
"1"," 0"
"1"," 0"
"1"," 0"
"1"," 0"
"1"," 0"
"1","
"
"1"," [793]"
"1"," 0"
"1"," 0"
"1"," 0"
"1"," 0"
"1"," 0"
"1"," 0"
"1"," 0"
"1"," 0"
"1"," 0"
"1"," 0"
"1"," 0"
"1"," 0"
"1"," 0"
"1"," 0"
"1"," 0"
"1"," 0"
"1"," 0"
"1"," 0"
"1"," 0"
"1"," 0"
"1"," 0"
"1"," 0"
"1"," 0"
"1"," 0"
"1"," 0"
"1"," 0"
"1"," 0"
"1"," 1"
"1"," 0"
"1"," 1"
"1"," 0"
"1"," 0"
"1"," 0"
"1"," 0"
"1"," 0"
"1"," 1"
"1"," 0"
"1"," 0"
"1"," 0"
"1"," 1"
"1"," 0"
"1"," 0"
"1"," 0"
"1"," 0"
"1"," 0"
"1"," 0"
"1"," 0"
"1"," 0"
"1"," 0"
"1"," 0"
"1"," 0"
"1"," 0"
"1"," 0"
"1"," 0"
"1"," 0"
"1"," 0"
"1"," 0"
"1"," 0"
"1"," 0"
"1"," 0"
"1"," 0"
"1"," 0"
"1"," 0"
"1"," 0"
"1"," 0"
"1"," 0"
"1"," 0"
"1"," 0"
"1"," 0"
"1"," 0"
"1"," 0"
"1"," 0"
"1","
"
"1"," [865]"
"1"," 0"
"1"," 0"
"1"," 0"
"1"," 0"
"1"," 0"
"1"," 0"
"1"," 0"
"1"," 0"
"1"," 0"
"1"," 0"
"1"," 0"
"1"," 0"
"1"," 0"
"1"," 0"
"1"," 0"
"1"," 0"
"1"," 0"
"1"," 0"
"1"," 0"
"1"," 0"
"1"," 0"
"1"," 0"
"1"," 0"
"1"," 0"
"1"," 0"
"1"," 0"
"1"," 0"
"1"," 0"
"1"," 0"
"1"," 0"
"1"," 0"
"1"," 0"
"1"," 0"
"1"," 0"
"1"," 0"
"1"," 0"
"1"," 0"
"1"," 0"
"1"," 0"
"1"," 0"
"1"," 0"
"1"," 1"
"1"," 0"
"1"," 0"
"1"," 0"
"1"," 0"
"1"," 0"
"1"," 0"
"1"," 0"
"1"," 0"
"1"," 0"
"1"," 0"
"1"," 0"
"1"," 0"
"1"," 0"
"1"," 0"
"1"," 0"
"1"," 0"
"1"," 0"
"1"," 0"
"1"," 1"
"1"," 1"
"1"," 0"
"1"," 0"
"1"," 0"
"1"," 0"
"1"," 0"
"1"," 0"
"1"," 0"
"1"," 0"
"1"," 0"
"1"," 0"
"1","
"
"1"," [937]"
"1"," 0"
"1"," 0"
"1"," 0"
"1"," 0"
"1"," 0"
"1"," 0"
"1"," 0"
"1"," 0"
"1"," 0"
"1"," 0"
"1"," 0"
"1"," 1"
"1"," 1"
"1"," 0"
"1"," 1"
"1"," 0"
"1"," 0"
"1"," 0"
"1"," 1"
"1"," 1"
"1"," 0"
"1"," 1"
"1"," 0"
"1"," 0"
"1"," 0"
"1"," 0"
"1"," 0"
"1"," 0"
"1"," 0"
"1"," 0"
"1"," 0"
"1"," 0"
"1"," 0"
"1"," 0"
"1"," 0"
"1"," 0"
"1"," 0"
"1"," 0"
"1"," 0"
"1"," 0"
"1"," 0"
"1"," 0"
"1"," 0"
"1"," 0"
"1"," 0"
"1"," 0"
"1"," 0"
"1"," 0"
"1"," 0"
"1"," 0"
"1"," 0"
"1"," 0"
"1"," 0"
"1"," 0"
"1"," 0"
"1"," 0"
"1"," 0"
"1"," 0"
"1"," 0"
"1"," 0"
"1"," 0"
"1"," 0"
"1"," 0"
"1"," 0"
"1","
"
"1"," [ reached getOption(""max.print"") -- omitted 46 entries ]
"
"0","amgo_present_absent <- as.numeric(gf > 1)"
"0","plot(x = dat_all$elev, y = amgo_present_absent)"
